gameId,role,name,firstName,familyName
2702542,referee1,Bob Bhania,Bob,Bhania
2702542,referee2,Andy Broughton,Andy,Broughton
2702543,commissioner, ,,
2702543,referee1,Matt Godsall,Matt,Godsall
2702543,referee2,Robert Leszczyk,Robert,Leszczyk
2702543,referee3,Monica Wimarska,Monica,Wimarska
2702544,commissioner, ,,
2702544,referee1, ,,
2702544,referee2, ,,
2702544,referee3, ,,
2702545,referee1,Bob Bhania,Bob,Bhania
2702545,referee2,Lino Figuerido,Lino,Figuerido
2702545,referee3,Ingus Banckevics,Ingus,Banckevics
2702546,referee1,Bob Bhania,Bob,Bhania
2702546,referee2,Lino Figueriredo,Lino,Figueriredo
2702546,referee3,Jack Davies,Jack,Davies
2702547,commissioner, ,,
2702547,referee1,Jack Davies,Jack,Davies
2702547,referee2, ,,
2702547,referee3, ,,
2702548,referee1,B Bhania,B,Bhania
2702548,referee2,T Akar,T,Akar
2702548,referee3,N Malone,N,Malone
2702549,referee1,Matthew Godsall,Matthew,Godsall
2702549,referee2,Matthew Armstrong,Matthew,Armstrong
2702549,referee3,Billy Cousins,Billy,Cousins
2702550,commissioner, ,,
2702550,referee1,Matthew Godsall,Matthew,Godsall
2702550,referee2,Monika Winiarska,Monika,Winiarska
2702550,referee3,Robert Leszczyk,Robert,Leszczyk
2702551,commissioner, ,,
2702551,referee1,Matt Godsall,Matt,Godsall
2702551,referee2,Jade Butters,Jade,Butters
2702551,referee3,Monica Uiniarska,Monica,Uiniarska
2702552,commissioner, ,,
2702552,referee1,Bob Bhania,Bob,Bhania
2702552,referee2,Tahir Akar,Tahir,Akar
2702552,referee3,Beyti Ozgur,Beyti,Ozgur
2702553,referee1,Christopher Dodds,Christopher,Dodds
2702553,referee2,Bartek Rasinski,Bartek,Rasinski
2702553,referee3,Nicholas Nassi,Nicholas,Nassi
2702554,referee1,Bob Bhania,Bob,Bhania
2702554,referee2,Robert Leszczyk,Robert,Leszczyk
2702554,referee3,Andy Broughton,Andy,Broughton
2702556,referee1,Bob Bhania,Bob,Bhania
2702556,referee2,M.a. Diamond-Hunter,M.A.,Diamond-Hunter
2702556,referee3,Matt Godsall,Matt,Godsall
2702557,commissioner, ,,
2702557,referee1,Lino Figueiredo,Lino,Figueiredo
2702557,referee2,Jonathan Vickerstaff,Jonathan,Vickerstaff
2702557,referee3,Ingus Baneviks,Ingus,Baneviks
2702558,referee1,Matthew Godsall,Matthew,Godsall
2702558,referee2,Robert Leszczyk,Robert,Leszczyk
2702558,referee3,Monika Winiarska,Monika,Winiarska
2702559,referee1,Ingus Bankevics,Ingus,Bankevics
2702559,referee2,Lino Figueiredo,Lino,Figueiredo
2702559,referee3,Matthew Armstrong,Matthew,Armstrong
2702560,referee1,Tahir Akar,Tahir,Akar
2702560,referee2,Beyti Ozgur,Beyti,Ozgur
2702560,referee3,Matthew Godsall,Matthew,Godsall
2702561,referee1,Noel Malone,Noel,Malone
2702561,referee2,Tahir Akar,Tahir,Akar
2702561,referee3,Andy Broughton,Andy,Broughton
2702562,commissioner, ,,
2702562,referee1,Noel Malone,Noel,Malone
2702562,referee2,Tahir Akar,Tahir,Akar
2702562,referee3,Beyti Ozgur,Beyti,Ozgur
2702563,referee1,Jonnie Vickerstaff,Jonnie,Vickerstaff
2702563,referee2,Lino Figueiredo,Lino,Figueiredo
2702563,referee3,Joan Laplana,Joan,Laplana
2702564,commissioner, ,,
2702564,referee1,Bob Bhania,Bob,Bhania
2702564,referee2,Steve Stredwick,Steve,Stredwick
2702564,referee3,Hojj Fozi,Hojj,Fozi
2702565,commissioner, ,,
2702565,referee1,Bob Bhania,Bob,Bhania
2702565,referee2,Tahir Akar,Tahir,Akar
2702565,referee3,Hojj Fozi,Hojj,Fozi
2702566,commissioner, ,,
2702566,referee1,Matthew Godsall,Matthew,Godsall
2702566,referee2,Jose Fuentes,Jose,Fuentes
2702566,referee3,Ian Pursglove,Ian,Pursglove
2702567,commissioner, ,,
2702567,referee1,Bob Bhania,Bob,Bhania
2702567,referee2,Matthew Godsall,Matthew,Godsall
2702567,referee3,Jack Davies,Jack,Davies
2702568,referee1,Lino Figueiredo,Lino,Figueiredo
2702568,referee2,Ingus Bankevics,Ingus,Bankevics
2702568,referee3,Billy Cousins,Billy,Cousins
2702570,referee1,Jonathan Vickerstaff,Jonathan,Vickerstaff
2702570,referee2,Lino Figueiredo,Lino,Figueiredo
2702570,referee3,Ingus Bankevics,Ingus,Bankevics
2702571,referee1,Tahir Akar,Tahir,Akar
2702571,referee2,M.a. Diamond-Hunter,M.A.,Diamond-Hunter
2702571,referee3,Joan Laplana,Joan,Laplana
2702572,referee1,Tahir Akar,Tahir,Akar
2702572,referee2,Noel Malone,Noel,Malone
2702572,referee3,Bob Bhania,Bob,Bhania
2702573,referee1,Beyti Ozgur,Beyti,Ozgur
2702573,referee2,Tahir Akar,Tahir,Akar
2702573,referee3,Matthew Armstrong,Matthew,Armstrong
2702574,referee1,Ingus Bankevics,Ingus,Bankevics
2702574,referee2,Ian Pursglove,Ian,Pursglove
2702574,referee3,Matthew Armstrong,Matthew,Armstrong
2702575,commissioner, ,,
2702575,referee1,Noel Malone,Noel,Malone
2702575,referee2,Steve Stredwick,Steve,Stredwick
2702575,referee3,Andy Broughton,Andy,Broughton
2702576,commissioner, ,,
2702576,referee1,Ingus Bankevics,Ingus,Bankevics
2702576,referee2,Lino Figueiredo,Lino,Figueiredo
2702576,referee3,Jade Butters,Jade,Butters
2702577,commissioner, ,,
2702577,referee1,Paul Walton,Paul,Walton
2702577,referee2,Beyti Ozgur,Beyti,Ozgur
2702577,referee3,Jade Butters,Jade,Butters
2702578,referee1,Matthew Godsall,Matthew,Godsall
2702578,referee2,Robert Leszczyk,Robert,Leszczyk
2702578,referee3,Ian Pursglove,Ian,Pursglove
2702579,referee1,Ingus Bankevics,Ingus,Bankevics
2702579,referee2,Matthew Armstrong,Matthew,Armstrong
2702579,referee3,Lino Figueiredo,Lino,Figueiredo
2702580,commissioner, ,,
2702580,referee1,Bob Bhania,Bob,Bhania
2702580,referee2,Lino Figueiredo,Lino,Figueiredo
2702580,referee3,Andy Broughton,Andy,Broughton
2702581,commissioner, ,,
2702581,referee1,Tahir Akar,Tahir,Akar
2702581,referee2,Beyti Ozgur,Beyti,Ozgur
2702581,referee3,Joan Laplana,Joan,Laplana
2702582,commissioner, ,,
2702582,referee1,Matthew Godsall,Matthew,Godsall
2702582,referee2,Robert Leszczyk,Robert,Leszczyk
2702582,referee3,Monika Winiarska,Monika,Winiarska
2702583,referee1,Bob Bhania,Bob,Bhania
2702583,referee2,Steve Stredwick,Steve,Stredwick
2702583,referee3,Jack Davies,Jack,Davies
2702584,commissioner, ,,
2702584,referee1,Paul Walton,Paul,Walton
2702584,referee2,Ingus Bankevics,Ingus,Bankevics
2702584,referee3,Matt Reynolds,Matt,Reynolds
2702585,commissioner, ,,
2702585,referee1,Tahir Akar,Tahir,Akar
2702585,referee2,Ingus Bankevics,Ingus,Bankevics
2702585,referee3,Monika Winiarska,Monika,Winiarska
2702586,commissioner, ,,
2702586,referee1,Noel Malone,Noel,Malone
2702586,referee2,Steve Stredwick,Steve,Stredwick
2702586,referee3,Ian Green,Ian,Green
2702587,referee1,Beyti Ozgur,Beyti,Ozgur
2702587,referee2,Robert Leszczyk,Robert,Leszczyk
2702587,referee3,Andy Broughton,Andy,Broughton
2702588,commissioner, ,,
2702588,referee1,Bob Bhania,Bob,Bhania
2702588,referee2,Noel Malone,Noel,Malone
2702588,referee3,Steve Stredwick,Steve,Stredwick
2702589,commissioner, ,,
2702589,referee1,Bob Bhania,Bob,Bhania
2702589,referee2,Matthew Godsall,Matthew,Godsall
2702589,referee3,Robert Leszczyk,Robert,Leszczyk
2702590,commissioner, ,,
2702590,referee1,Tahir Akar,Tahir,Akar
2702590,referee2,Ian Green,Ian,Green
2702590,referee3,Jack Davies,Jack,Davies
2702591,referee1,Bob Bhania,Bob,Bhania
2702591,referee2,Steve Stredwick,Steve,Stredwick
2702591,referee3,M.a. Diamond-Hunter,M.A.,Diamond-Hunter
2702592,commissioner, ,,
2702592,referee1,Paul Walton,Paul,Walton
2702592,referee2,Matthew Godsall,Matthew,Godsall
2702592,referee3,Joan Laplana,Joan,Laplana
2702593,referee1,Noel Malone,Noel,Malone
2702593,referee2,Steve Stredwick,Steve,Stredwick
2702593,referee3,Rob Leszczyk,Rob,Leszczyk
2702594,referee1,Paul Walton,Paul,Walton
2702594,referee2,Christopher Dodds,Christopher,Dodds
2702594,referee3,Matthew Armstrong,Matthew,Armstrong
2702595,referee1,Bob Bhania,Bob,Bhania
2702595,referee2,Steve Stredwick,Steve,Stredwick
2702595,referee3,Monika Winiarska,Monika,Winiarska
2702596,commissioner, ,,
2702596,referee1,Bob Bhania,Bob,Bhania
2702596,referee2,Steve Stredwick,Steve,Stredwick
2702596,referee3,Jack Davies,Jack,Davies
2702597,commissioner, ,,
2702597,referee1,Beyti Ozgur,Beyti,Ozgur
2702597,referee2,Matthew Godsall,Matthew,Godsall
2702597,referee3,Robert Leszczyk,Robert,Leszczyk
2702598,commissioner, ,,
2702598,referee1,Noel Malone,Noel,Malone
2702598,referee2,Robert Leszczyk,Robert,Leszczyk
2702598,referee3,Andy Broughton,Andy,Broughton
2702599,commissioner, ,,
2702599,referee1,Tahir Akar,Tahir,Akar
2702599,referee2,Beyti Ozgur,Beyti,Ozgur
2702599,referee3,Ian Green,Ian,Green
2702600,commissioner, ,,
2702600,referee1,Paul Walton,Paul,Walton
2702600,referee2,Joan Laplana,Joan,Laplana
2702600,referee3,Monika Winiarska,Monika,Winiarska
2702601,commissioner, ,,
2702601,referee1,Paul Walton,Paul,Walton
2702601,referee2,Lino Figueiredo,Lino,Figueiredo
2702601,referee3,Jade Butters,Jade,Butters
2702602,referee1,Paul Walton,Paul,Walton
2702602,referee2,Matthew Godsall,Matthew,Godsall
2702602,referee3,Robert Leszczyk,Robert,Leszczyk
2702603,commissioner, ,,
2702603,referee1,Ingus Bankevics,Ingus,Bankevics
2702603,referee2,Lino Figueiredo,Lino,Figueiredo
2702603,referee3,Jose Fuentes,Jose,Fuentes
2702604,referee1,Christopher Dodds,Christopher,Dodds
2702604,referee2,Ingus Bankevics,Ingus,Bankevics
2702604,referee3,Matthew Armstrong,Matthew,Armstrong
2702605,commissioner, ,,
2702605,referee1,Christopher Dodds,Christopher,Dodds
2702605,referee2,Lino Figueiredo,Lino,Figueiredo
2702605,referee3,Jade Butters,Jade,Butters
2702606,referee1,Beyti Ozgur,Beyti,Ozgur
2702606,referee2,Tahir Akar,Tahir,Akar
2702606,referee3,Ian Green,Ian,Green
2702607,referee1,Ingus Bankevics,Ingus,Bankevics
2702607,referee2,Lino Figueiredo,Lino,Figueiredo
2702607,referee3,Matthew Armstrong,Matthew,Armstrong
2702608,referee1,Bob Bhania,Bob,Bhania
2702608,referee2,Matthew Godsall,Matthew,Godsall
2702608,referee3,Joan Laplana,Joan,Laplana
2702609,commissioner, ,,
2702609,referee1,Steve Stredwick,Steve,Stredwick
2702609,referee2,Matthew Godsall,Matthew,Godsall
2702609,referee3,Jack Davies,Jack,Davies
2702610,referee1,Christopher Dodds,Christopher,Dodds
2702610,referee2,Ingus Bankevics,Ingus,Bankevics
2702610,referee3,Matthew Armstrong,Matthew,Armstrong
2702611,referee1,Christopher Dodds,Christopher,Dodds
2702611,referee2,Ingus Bankevics,Ingus,Bankevics
2702611,referee3,Lino Figueiredo,Lino,Figueiredo
2702612,referee1,Bob Bhania,Bob,Bhania
2702612,referee2,Robert Leszczyk,Robert,Leszczyk
2702612,referee3,Monika Winiarska,Monika,Winiarska
2702613,commissioner, ,,
2702613,referee1,Christopher Dodds,Christopher,Dodds
2702613,referee2,Matthew Godsall,Matthew,Godsall
2702613,referee3,Joan Laplana,Joan,Laplana
2702614,referee1,Paul Walton,Paul,Walton
2702614,referee2,Jonathan Vickerstaff,Jonathan,Vickerstaff
2702614,referee3,Lino Figueiredo,Lino,Figueiredo
2702615,commissioner, ,,
2702615,referee1,Paul Walton,Paul,Walton
2702615,referee2,Matthew Armstrong,Matthew,Armstrong
2702615,referee3,Jose Fuentes,Jose,Fuentes
2702616,referee1,Noel Malone,Noel,Malone
2702616,referee2,Bob Bhania,Bob,Bhania
2702616,referee3,Jack Davies,Jack,Davies
2702617,commissioner, ,,
2702617,referee1,Bob Bhania,Bob,Bhania
2702617,referee2,Harvey West,Harvey,West
2702617,referee3,Robert Leszczyk,Robert,Leszczyk
2702618,referee1,Christopher Dodds,Christopher,Dodds
2702618,referee2,Jonathan Vickerstaff,Jonathan,Vickerstaff
2702618,referee3,Ingus Bankevics,Ingus,Bankevics
2702619,referee1,Ingus Bankevics,Ingus,Bankevics
2702619,referee2,Paul Walton,Paul,Walton
2702619,referee3,Matthew Armstrong,Matthew,Armstrong
2702620,commissioner, ,,
2702620,referee1,Paul Walton,Paul,Walton
2702620,referee2,Matt Lloyd,Matt,Lloyd
2702620,referee3,Tom Muddiman,Tom,Muddiman
2702621,referee1,Jonpaul Heron,Jonpaul,Heron
2702621,referee2,Tom Muddiman,Tom,Muddiman
2702621,referee3,Joe Hodgson,Joe,Hodgson
2702622,commissioner, ,,
2702622,referee1,Steve Stredwick,Steve,Stredwick
2702622,referee2,Noel Malone,Noel,Malone
2702622,referee3,Bence Szilvagyi,Bence,Szilvagyi
2702623,commissioner, ,,
2702623,referee1,Tahir Akar,Tahir,Akar
2702623,referee2,Beyti Ozgur,Beyti,Ozgur
2702623,referee3,Ian Green,Ian,Green
2702624,commissioner, ,,
2702624,referee1,Simon Unsworth,Simon,Unsworth
2702624,referee2,Ingus Bankevics,Ingus,Bankevics
2702624,referee3,Joan Laplana,Joan,Laplana
2702625,commissioner, ,,
2702625,referee1,Tahir Akar,Tahir,Akar
2702625,referee2,Ian Green,Ian,Green
2702625,referee3,Jack Davies,Jack,Davies
2702626,commissioner, ,,
2702626,referee1,Tom Muddiman,Tom,Muddiman
2702626,referee2,Matt Lloyd,Matt,Lloyd
2702626,referee3,Matthew Godsall,Matthew,Godsall
2702627,commissioner, ,,
2702627,referee1,Paul Walton,Paul,Walton
2702627,referee2,Tom Muddiman,Tom,Muddiman
2702627,referee3,Lino Figueiredo,Lino,Figueiredo
2702628,commissioner, ,,
2702628,referee1,Noel Malone,Noel,Malone
2702628,referee2,Steve Stredwick,Steve,Stredwick
2702628,referee3,Bence Szilvagyi,Bence,Szilvagyi
2702629,referee1,Joe Hodgson,Joe,Hodgson
2702629,referee2,Harvey West,Harvey,West
2702629,referee3,Robert Leszczyk,Robert,Leszczyk
2702630,referee1,Steve Stredwick,Steve,Stredwick
2702630,referee2,Harvey West,Harvey,West
2702630,referee3,Bence Szilvagyi,Bence,Szilvagyi
2702631,referee1,Christopher Dodds,Christopher,Dodds
2702631,referee2,Jonathan Vickerstaff,Jonathan,Vickerstaff
2702631,referee3,Lino Figueiredo,Lino,Figueiredo
2702632,referee1,Ingus Bankevics,Ingus,Bankevics
2702632,referee2,Jonpaul Heron,Jonpaul,Heron
2702632,referee3,Jonathan Vickerstaff,Jonathan,Vickerstaff
2702633,referee1,Bob Bhania,Bob,Bhania
2702633,referee2,M.a. Diamond-Hunter,M.A.,Diamond-Hunter
2702633,referee3,Jack Davies,Jack,Davies
2702634,commissioner, ,,
2702634,referee1,Joe Hodgson,Joe,Hodgson
2702634,referee2,Matt Lloyd,Matt,Lloyd
2702634,referee3,Tom Muddiman,Tom,Muddiman
2702635,commissioner, ,,
2702635,referee1,Paul Walton,Paul,Walton
2702635,referee2,Jonpaul Heron,Jonpaul,Heron
2702635,referee3,Matthew Armstrong,Matthew,Armstrong
2702636,commissioner, ,,
2702636,referee1,Christopher Dodds,Christopher,Dodds
2702636,referee2,Christopher Curle,Christopher,Curle
2702636,referee3,Matthew Armstrong,Matthew,Armstrong
2702637,commissioner, ,,
2702637,referee1,Paul Walton,Paul,Walton
2702637,referee2,Matt Lloyd,Matt,Lloyd
2702637,referee3,Matthew Armstrong,Matthew,Armstrong
2702638,commissioner, ,,
2702638,referee1,Bob Bhania,Bob,Bhania
2702638,referee2,Matthew Godsall,Matthew,Godsall
2702638,referee3,Jack Davies,Jack,Davies
2702639,commissioner, ,,
2702639,referee1,Ingus Bankevics,Ingus,Bankevics
2702639,referee2,Simon Unsworth,Simon,Unsworth
2702639,referee3,Robert Leszczyk,Robert,Leszczyk
2702640,referee1,Jonpaul Heron,Jonpaul,Heron
2702640,referee2,Ingus Bankevics,Ingus,Bankevics
2702640,referee3,Nicholas Nassi,Nicholas,Nassi
2702641,commissioner, ,,
2702641,referee1,Steve Stredwick,Steve,Stredwick
2702641,referee2,Noel Malone,Noel,Malone
2702641,referee3,Bence Szilvagyi,Bence,Szilvagyi
2702642,referee1,Paul Walton,Paul,Walton
2702642,referee2,Simon Unsworth,Simon,Unsworth
2702642,referee3,Bence Szilvagyi,Bence,Szilvagyi
2702644,referee1,Bob Bhania,Bob,Bhania
2702644,referee2,Tahir Akar,Tahir,Akar
2702644,referee3,Beyti Ozgur,Beyti,Ozgur
2702645,referee1,Jonathan Vickerstaff,Jonathan,Vickerstaff
2702645,referee2,Noel Malone,Noel,Malone
2702645,referee3,Bence Szilvagyi,Bence,Szilvagyi
2702646,referee1,Simon Unsworth,Simon,Unsworth
2702646,referee2,Joe Hodgson,Joe,Hodgson
2702646,referee3,Jonathan Vickerstaff,Jonathan,Vickerstaff
2702647,commissioner, ,,
2702647,referee1,Paul Walton,Paul,Walton
2702647,referee2,Simon Unsworth,Simon,Unsworth
2702647,referee3,David Griffin,David,Griffin
2702648,commissioner, ,,
2702648,referee1,Christopher Dodds,Christopher,Dodds
2702648,referee2,Nicholas Nassi,Nicholas,Nassi
2702648,referee3,Jonpaul Heron,Jonpaul,Heron
2702649,referee1,Simon Unsworth,Simon,Unsworth
2702649,referee2,Jonathan Vickerstaff,Jonathan,Vickerstaff
2702649,referee3,Paul Unsworth,Paul,Unsworth
2702650,commissioner, ,,
2702650,referee1,Joe Hodgson,Joe,Hodgson
2702650,referee2,Ingus Bankevics,Ingus,Bankevics
2702650,referee3,Matthew Godsall,Matthew,Godsall
2702651,referee1,Jonathan Vickerstaff,Jonathan,Vickerstaff
2702651,referee2,Paul Walton,Paul,Walton
2702651,referee3,Tom Muddiman,Tom,Muddiman
2702652,commissioner, ,,
2702652,referee1,Paul Walton,Paul,Walton
2702652,referee2,Tom Muddiman,Tom,Muddiman
2702652,referee3,Matt Lloyd,Matt,Lloyd
2702653,referee1,Christopher Dodds,Christopher,Dodds
2702653,referee2,Christopher Curle,Christopher,Curle
2702653,referee3,Nicholas Nassi,Nicholas,Nassi
2702654,commissioner, ,,
2702654,referee1,Stephen Ferriss,Stephen,Ferriss
2702654,referee2,Jonathan Vickerstaff,Jonathan,Vickerstaff
2702654,referee3,Matthew Armstrong,Matthew,Armstrong
2702655,commissioner, ,,
2702655,referee1,Bob Bhania,Bob,Bhania
2702655,referee2,Ingus Bankevics,Ingus,Bankevics
2702655,referee3,Jack Davies,Jack,Davies
2702656,referee1,David Griffin,David,Griffin
2702656,referee2,Beyti Ozgur,Beyti,Ozgur
2702656,referee3,M.a. Diamond-Hunter,M.A.,Diamond-Hunter
2702657,commissioner, ,,
2702657,referee1,Paul Walton,Paul,Walton
2702657,referee2,Simon Unsworth,Simon,Unsworth
2702657,referee3,Bence Szilvagyi,Bence,Szilvagyi
2702658,referee1,Rob Hickman,Rob,Hickman
2702658,referee2,Stephen Ferriss,Stephen,Ferriss
2702658,referee3,Kevin Kinsella,Kevin,Kinsella
2702659,referee1,Christopher Dodds,Christopher,Dodds
2702659,referee2,Jonpaul Heron,Jonpaul,Heron
2702659,referee3,Christopher Curle,Christopher,Curle
2702660,referee1,Christopher Dodds,Christopher,Dodds
2702660,referee2,Nicholas Nassi,Nicholas,Nassi
2702660,referee3,Bartek Rasinski,Bartek,Rasinski
2702661,referee1,Joe Hodgson,Joe,Hodgson
2702661,referee2,Noel Malone,Noel,Malone
2702661,referee3,Harvey West,Harvey,West
2702662,commissioner, ,,
2702662,referee1,Paul Walton,Paul,Walton
2702662,referee2,Matt Lloyd,Matt,Lloyd
2702662,referee3,Ingus Bankevics,Ingus,Bankevics
2702663,referee1,Bob Bhania,Bob,Bhania
2702663,referee2,Tom Muddiman,Tom,Muddiman
2702663,referee3,Tahir Akar,Tahir,Akar
2702664,referee1,Ingus Bankevics,Ingus,Bankevics
2702664,referee2,Robert Leszczyk,Robert,Leszczyk
2702664,referee3,Matthew Armstrong,Matthew,Armstrong
2702665,commissioner, ,,
2702665,referee1,Joe Hodgson,Joe,Hodgson
2702665,referee2,Paul Unsworth,Paul,Unsworth
2702665,referee3,Daniel Cox,Daniel,Cox
2702666,commissioner, ,,
2702666,referee1,Paul Walton,Paul,Walton
2702666,referee2,David Griffin,David,Griffin
2702666,referee3,Ian Green,Ian,Green
2702667,commissioner, ,,
2702667,referee1,Christopher Curle,Christopher,Curle
2702667,referee2,Jonathan Vickerstaff,Jonathan,Vickerstaff
2702667,referee3,Matthew Godsall,Matthew,Godsall
2702669,commissioner, ,,
2702669,referee1,Joe Hodgson,Joe,Hodgson
2702669,referee2,Harvey West,Harvey,West
2702669,referee3,Ian Spearman,Ian,Spearman
2702670,referee1,Simon Unsworth,Simon,Unsworth
2702670,referee2,Stephen Ferriss,Stephen,Ferriss
2702670,referee3,Matthew Armstrong,Matthew,Armstrong
2702671,commissioner, ,,
2702671,referee1,Ingus Bankevics,Ingus,Bankevics
2702671,referee2,Jonathan Vickerstaff,Jonathan,Vickerstaff
2702671,referee3,Robert Leszczyk,Robert,Leszczyk
2702672,referee1,Christopher Curle,Christopher,Curle
2702672,referee2,Tom Muddiman,Tom,Muddiman
2702672,referee3,Matthew Godsall,Matthew,Godsall
2702673,referee1,Christopher Dodds,Christopher,Dodds
2702673,referee2,Matthew Armstrong,Matthew,Armstrong
2702673,referee3,Nicholas Nassi,Nicholas,Nassi
2702674,commissioner, ,,
2702674,referee1,Paul Unsworth,Paul,Unsworth
2702674,referee2,Matthew Godsall,Matthew,Godsall
2702674,referee3,Christopher Curle,Christopher,Curle
2702675,commissioner, ,,
2702675,referee1,Joe Hodgson,Joe,Hodgson
2702675,referee2,David Griffin,David,Griffin
2702675,referee3,Harvey West,Harvey,West
2702676,referee1,Paul Walton,Paul,Walton
2702676,referee2,Tom Muddiman,Tom,Muddiman
2702676,referee3,Beyti Ozgur,Beyti,Ozgur
2702677,commissioner, ,,
2702677,referee1,Noel Malone,Noel,Malone
2702677,referee2,Bence Szilvagyi,Bence,Szilvagyi
2702677,referee3,Ian Green,Ian,Green
2702678,commissioner, ,,
2702678,referee1,Simon Unsworth,Simon,Unsworth
2702678,referee2,Steve Stredwick,Steve,Stredwick
2702678,referee3,Matt Lloyd,Matt,Lloyd
2704988,commissioner, ,,
2704988,referee1,Tahir Akar,Tahir,Akar
2704988,referee2,Matthew Godsall,Matthew,Godsall
2704988,referee3,Robert Leszczyk,Robert,Leszczyk
2704989,referee1,Ingus Bankevics,Ingus,Bankevics
2704989,referee2,Lino Figueiredo,Lino,Figueiredo
2704989,referee3,Matthew Armstrong,Matthew,Armstrong
2714364,commissioner, ,,
2714364,referee1,Beyti Ozgur,Beyti,Ozgur
2714364,referee2,Ian Green,Ian,Green
2714364,referee3,Jack Davies,Jack,Davies
2714366,referee1,Paul Walton,Paul,Walton
2714366,referee2,Robert Leszczyk,Robert,Leszczyk
2714366,referee3,Matthew Godsall,Matthew,Godsall
2714367,referee1,Beyti Ozgur,Beyti,Ozgur
2714367,referee2,Matthew Armstrong,Matthew,Armstrong
2714367,referee3,Jose Fuentes,Jose,Fuentes
2719734,referee1,Paul Walton,Paul,Walton
2719734,referee2,Jonathan Vickerstaff,Jonathan,Vickerstaff
2719734,referee3,Matthew Armstrong,Matthew,Armstrong
2719735,referee1,Paul Walton,Paul,Walton
2719735,referee2,Matthew Armstrong,Matthew,Armstrong
2719735,referee3,Billy Cousins,Billy,Cousins
2741000,commissioner, ,,
2741000,referee1,Christopher Dodds,Christopher,Dodds
2741000,referee2,Christopher Curle,Christopher,Curle
2741000,referee3,Stephen Ferriss,Stephen,Ferriss
2761932,commissioner, ,,
2761932,referee1,Paul Walton,Paul,Walton
2761932,referee2,Matthew Armstrong,Matthew,Armstrong
2761932,referee3,Matthew Godsall,Matthew,Godsall
2767732,referee1,Noel Malone,Noel,Malone
2767732,referee2,Steve Stredwick,Steve,Stredwick
2767732,referee3,Hojj Fozi,Hojj,Fozi
2775784,commissioner, ,,
2775784,referee1,Noel Malone,Noel,Malone
2775784,referee2,Steve Stredwick,Steve,Stredwick
2775784,referee3,Jack Davies,Jack,Davies
2778589,referee1,Paul Walton,Paul,Walton
2778589,referee2,Beyti Ozgur,Beyti,Ozgur
2778589,referee3,Jose Fuentes,Jose,Fuentes
2778590,referee1,Bob Bhania,Bob,Bhania
2778590,referee2,Jonathan Vickerstaff,Jonathan,Vickerstaff
2778590,referee3,Ian Green,Ian,Green
2787330,referee1,Jonpaul Heron,Jonpaul,Heron
2787330,referee2,Jonathan Vickerstaff,Jonathan,Vickerstaff
2787330,referee3,Matthew Armstrong,Matthew,Armstrong
2787331,commissioner, ,,
2787331,referee1,Christopher Dodds,Christopher,Dodds
2787331,referee2,Ingus Bankevics,Ingus,Bankevics
2787331,referee3,Matthew Godsall,Matthew,Godsall
2791769,referee1,Christopher Dodds,Christopher,Dodds
2791769,referee2,Ingus Bankevics,Ingus,Bankevics
2791769,referee3,Lino Figueiredo,Lino,Figueiredo
2791770,commissioner, ,,
2791770,referee1,Paul Walton,Paul,Walton
2791770,referee2,Bob Bhania,Bob,Bhania
2791770,referee3,Matthew Godsall,Matthew,Godsall
2792597,commissioner, ,,
2792597,referee1,Noel Malone,Noel,Malone
2792597,referee2,Beyti Ozgur,Beyti,Ozgur
2792597,referee3,Tahir Akar,Tahir,Akar
2792598,referee1,Paul Walton,Paul,Walton
2792598,referee2,Tahir Akar,Tahir,Akar
2792598,referee3,Steve Stredwick,Steve,Stredwick
2792599,referee1,Ingus Bankevics,Ingus,Bankevics
2792599,referee2,Lino Figueiredo,Lino,Figueiredo
2792599,referee3,Joan Laplana,Joan,Laplana
2798637,commissioner, ,,
2798637,referee1,Paul Walton,Paul,Walton
2798637,referee2,Christopher Dodds,Christopher,Dodds
2798637,referee3,Ingus Bankevics,Ingus,Bankevics
2801738,commissioner, ,,
2801738,referee1,Paul Walton,Paul,Walton
2801738,referee2,Matthew Godsall,Matthew,Godsall
2801738,referee3,Matthew Armstrong,Matthew,Armstrong
2811017,commissioner, ,,
2811017,referee1,Simon Unsworth,Simon,Unsworth
2811017,referee2,Ian Green,Ian,Green
2811017,referee3,Tahir Akar,Tahir,Akar
2811018,commissioner, ,,
2811018,referee1,Noel Malone,Noel,Malone
2811018,referee2,Rob Hickman,Rob,Hickman
2811018,referee3,Bence Szilvagyi,Bence,Szilvagyi
2816370,referee1,Simon Unsworth,Simon,Unsworth
2816370,referee2,Joe Hodgson,Joe,Hodgson
2816370,referee3,Jonathan Vickerstaff,Jonathan,Vickerstaff
2829677,referee1,Joe Hodgson,Joe,Hodgson
2829677,referee2,Asimina Stamatiou,Asimina,Stamatiou
2829677,referee3,Dan Cox,Dan,Cox
2829681,referee1,Paul Unsworth,Paul,Unsworth
2829681,referee2,Steve Stredwick,Steve,Stredwick
2829681,referee3,Robert Leszczyk,Robert,Leszczyk
